{"cameraMode":{"drawMode":0,"name":"Shaded","section":"Shading Mode"},"sceneLighting":true,"audioPlay":false,"sceneViewState":{"m_AlwaysRefresh":false,"showFog":true,"showSkybox":true,"showFlares":true,"showImageEffects":true,"showParticleSystems":true,"showVisualEffectGraphs":true,"m_FxEnabled":true},"in2DMode":false,"pivot":{"x":0.2414693832397461,"y":45.71712875366211,"z":1.9515769481658936},"rotation":{"x":-0.24536584317684174,"y":-0.5274930000305176,"z":0.16269035637378694,"w":-0.7970060706138611},"size":0.9983623623847961,"orthographic":false}